INSERT INTO Categories (name) VALUES ('Design');

INSERT INTO Categories (name) VALUES ('Writing');

INSERT INTO Categories (name) VALUES ('Programming');

INSERT INTO Categories (name) VALUES ('Marketing');

INSERT INTO Categories (name) VALUES ('Music');

-- password: CR5O6V#w^_
INSERT INTO Users (name, username, password, email, register_date, is_fl, is_cl) VALUES ('Jeanette', 'award', '$2b$12$Ix1eE4KKfG.pxZt9l0iWFeziN.IQrLJgTiYd/as49WRyWsbop7.4u', 'timothy15@hotmail.com','2025-04-29', 1, 1);

-- password: )9M^pqf96G
INSERT INTO Users (name, username, password, email, register_date, is_fl, is_cl) VALUES ('William', 'wgarcia', '$2b$12$Xtgd0K517kdX1HD4esWX8uoS5VJ8JGrG2QByKA62K4E2b3bKWvhfO', 'smithjames@russell-wise.com','2025-04-29', 1, 1);

-- password: #2MKyDs%I5
INSERT INTO Users (name, username, password, email, register_date, is_fl, is_cl) VALUES ('Felicia', 'garcialauren', '$2b$12$BmXUnsqGiCxBNmPrb8aYC.uULbKgpxNR3VCAGKd0DKAXb3OUyQ.Gy', 'perezmichael@wade-henderson.com','2025-04-29', 1, 0);

-- password: ^AoLcjJUV8
INSERT INTO Users (name, username, password, email, register_date, is_fl, is_cl) VALUES ('Gavin', 'ashley99', '$2b$12$RAV0w0xUMsPO2Wc0GlJNKO2/TbhiQykOiz6y3yIkaPe21V0RbON16', 'zandrews@duran.org','2025-04-29', 1, 0);

-- password: +sY+MwDhI7
INSERT INTO Users (name, username, password, email, register_date, is_fl, is_cl) VALUES ('Lindsey', 'jonathanfriedman', '$2b$12$H47dMWVg6s1QXHsWb3hV5u.dkLMQzhAT9m2eVvAHqAoiFq4iTZLxa', 'joneskatie@yahoo.com','2025-04-29', 1, 0);

-- password: rhy2DcBm(^
INSERT INTO Users (name, username, password, email, register_date, is_fl, is_cl) VALUES ('Richard', 'matthewtorres', '$2b$12$Va0yE0TehQumIl6KxjbykeyxHtddCCBbeFKhwpjLcihtp520o7SgO', 'tthomas@hubbard.org','2025-04-29', 0, 0);

-- password: (17D+hGzY^
INSERT INTO Users (name, username, password, email, register_date, is_fl, is_cl) VALUES ('Daniel', 'martinezalexis', '$2b$12$X/atMxGyhaJNQ7SbIwasNuDLXg26adpbpfr1ae6WIB.Qno0B/E28W', 'ugarcia@yahoo.com','2025-04-29', 1, 0);

-- password: 3_&1VkjMA#
INSERT INTO Users (name, username, password, email, register_date, is_fl, is_cl) VALUES ('Diana', 'kimberlydaniel', '$2b$12$4q2ZGkchwtdUPcxPfed1ques3IS1fd0VPxfcygBObYYUmXt7ishB.', 'hectorhernandez@farmer.org','2025-04-29', 1, 1);

-- password: B073Pgq*&U
INSERT INTO Users (name, username, password, email, register_date, is_fl, is_cl) VALUES ('Ian', 'youngkatie', '$2b$12$K5.gVUR4Phr8nBJD.VimAuEByCA0cUoegNiCla938X3DF7y90KE9q', 'mbrooks@nguyen.com','2025-04-29', 1, 1);

-- password: Z%45SN0oki
INSERT INTO Users (name, username, password, email, register_date, is_fl, is_cl) VALUES ('Catherine', 'lisaweeks', '$2b$12$42UJ3iqdoofHU2uo1wC9Y.5iLlDs5iAU4.Om9d.AOK0qyqe18zLbW', 'qho@smith.com','2025-04-29', 1, 1);

-- password: Av40TWVj+p
INSERT INTO Users (name, username, password, email, register_date, is_fl, is_cl) VALUES ('Carol', 'paullong', '$2b$12$rRCWQS.hZ8D/mZEyNToawu/2wZu6nWn/bbunfwZJYML4mGSEwLStC', 'nicole36@bass-wilson.com','2025-04-29', 1, 1);

-- password: th#1b0SvXA
INSERT INTO Users (name, username, password, email, register_date, is_fl, is_cl) VALUES ('Edward', 'vgilbert', '$2b$12$yxi3R9ROMmgXtZfPS9MloOZMZFtCMTfhVY5YLBpbyzmny4g3W6zTm', 'garrettkathleen@johnson.biz','2025-04-29', 0, 1);

-- password: z5e^FjIi!F
INSERT INTO Users (name, username, password, email, register_date, is_fl, is_cl) VALUES ('Jennifer', 'wlopez', '$2b$12$Tb69lQqStbLugZWLieeYHezf5EWDRbj5G.VRNHu2Y24Cfz5j0KWwW', 'oarmstrong@gmail.com','2025-04-29', 0, 1);

-- password: 0%pi6&Whn9
INSERT INTO Users (name, username, password, email, register_date, is_fl, is_cl) VALUES ('Maria', 'ariastroy', '$2b$12$jgYyTt2ZWT2c8934uenwB.Gb0ueQaJo2WkkP.5YVea9jK6BC86VMq', 'lgutierrez@yahoo.com','2025-04-29', 0, 0);

-- password: +0740Qwby_
INSERT INTO Users (name, username, password, email, register_date, is_fl, is_cl) VALUES ('Ann', 'maryturner', '$2b$12$PBTHwv6yrSvPOQzOwQx.B.hOO/0vkAO7WrXfFoqeT6IB.3CdVsEHS', 'ebriggs@yahoo.com','2025-04-29', 1, 1);

-- password: L9fWusMN_E
INSERT INTO Users (name, username, password, email, register_date, is_fl, is_cl) VALUES ('Heather', 'mramsey', '$2b$12$uHIJpY3HjWzZyS24CCunu.h8EseUkFdFpN94Q6.GXrEaQvXC4bmrS', 'huanganthony@gmail.com','2025-04-29', 0, 1);

-- password: ^$Cb+5YlTI
INSERT INTO Users (name, username, password, email, register_date, is_fl, is_cl) VALUES ('Edward', 'markcoleman', '$2b$12$ekEXrkrdoltodFbNM1azX.8XNR8CyerbsF/c4oQE37dNn9gY.KtYC', 'ryan04@perry-harris.biz','2025-04-29', 0, 1);

-- password: _96CnOMexT
INSERT INTO Users (name, username, password, email, register_date, is_fl, is_cl) VALUES ('Derek', 'mary12', '$2b$12$CSEGmpQtwa6K56lZ4wRYiuPwjGtk411yMG8QnHJ73NS2Qz/pckDMK', 'lgonzalez@yahoo.com','2025-04-29', 1, 0);

-- password: !6QsoTxY7G
INSERT INTO Users (name, username, password, email, register_date, is_fl, is_cl) VALUES ('Nicole', 'cheryl74', '$2b$12$f7.XMLV7uX.uRCBHNyOwneJ3wx/3ByVL6Qk0oQoOVdSxELXzYHeP2', 'mcmillanerik@robinson.com','2025-04-29', 1, 1);

-- password: test123
INSERT INTO Users (name, username, password, email, register_date, is_fl, is_cl, is_admin) VALUES('Andre','AndreLTW','$2y$12$xdyYk7.Pk84JG1PcEpCt8.yd1PLSooAFs8WYTQCK1BV2l1Btjx9sy','ltwtest@test.com','2025-04-29', 1, 1, 1);

INSERT INTO Services (price, delivery_time, service_title, service_desc, category, freelancer_id) VALUES 
(116.44, 1, 'Custom Website Design & Coding', 'Professional website development tailored to your needs. Fast, responsive, and built with clean code and modern design principles.', 'Programming', 10);

INSERT INTO Services (price, delivery_time, service_title, service_desc, category, freelancer_id) VALUES 
(256.87, 1, 'Full Marketing Strategy Blueprint', 'I will analyze your business and deliver a complete marketing strategy including social media, SEO, and paid ads plan.', 'Marketing', 12);

INSERT INTO Services (price, delivery_time, service_title, service_desc, category, freelancer_id) VALUES 
(251.0, 8, 'SEO-Optimized Article Writing', 'Engaging and research-based content writing for blogs or websites, focused on audience retention and SEO best practices.', 'Writing', 10);

INSERT INTO Services (price, delivery_time, service_title, service_desc, category, freelancer_id) VALUES 
(96.78, 6, 'Fix Bugs & Improve App Performance', 'I’ll debug and optimize your codebase for speed, reliability, and user experience. Works with both frontend and backend issues.', 'Programming', 6);

INSERT INTO Services (price, delivery_time, service_title, service_desc, category, freelancer_id) VALUES 
(404.32, 17, 'Social Media Growth Campaign', 'Complete marketing campaign setup including content creation, scheduling, and analytics to grow your online presence.', 'Marketing', 17);

INSERT INTO Services (price, delivery_time, service_title, service_desc, category, freelancer_id) VALUES 
(405.04, 6, 'Professional Speech Writing', 'Well-crafted speeches for public events, weddings, or business presentations. Customized to match tone and purpose.', 'Writing', 7);

INSERT INTO Services (price, delivery_time, service_title, service_desc, category, freelancer_id) VALUES 
(491.13, 22, 'Copywriting for Ads & Sales Pages', 'High-converting sales copy for ads, emails, and landing pages. Includes audience targeting and value-driven messaging.', 'Marketing', 14);

INSERT INTO Services (price, delivery_time, service_title, service_desc, category, freelancer_id) VALUES 
(139.11, 26, 'Brand Awareness Strategy', 'Strategic consulting to boost your brand’s recognition with engaging content, outreach plans, and visual consistency.', 'Marketing', 17);

INSERT INTO Services (price, delivery_time, service_title, service_desc, category, freelancer_id) VALUES 
(28.06, 18, 'Original Music Loops & Tracks', 'Custom lo-fi, ambient, or upbeat tracks for use in videos, podcasts, or ads. Royalty-free and professionally mixed.', 'Music', 14);

INSERT INTO Services (price, delivery_time, service_title, service_desc, category, freelancer_id) VALUES 
(141.2, 15, 'Short Story Ghostwriting', 'I write vivid and emotionally engaging short stories based on your ideas or themes. Fiction, fantasy, and more.', 'Writing', 14);

INSERT INTO Services (price, delivery_time, service_title, service_desc, category, freelancer_id) VALUES 
(305.52, 7, 'UI Design for Mobile Apps', 'User-friendly and modern UI design tailored to your app’s functionality. Includes wireframes and visual prototypes.', 'Design', 1);

INSERT INTO Services (price, delivery_time, service_title, service_desc, category, freelancer_id) VALUES 
(477.09, 12, 'Build Scalable Web Applications', 'I’ll develop a high-performance web application using frameworks like React or Django. Clean architecture and scalable backend.', 'Programming', 14);

INSERT INTO Services (price, delivery_time, service_title, service_desc, category, freelancer_id) VALUES 
(442.03, 13, 'Sound Design & Audio Editing', 'Custom audio editing for podcasts, trailers, or ads. Includes effects, mixing, mastering, and background scoring.', 'Music', 16);

INSERT INTO Services (price, delivery_time, service_title, service_desc, category, freelancer_id) VALUES 
(38.42, 11, 'Creative Content for Newsletters', 'Catchy and persuasive newsletter content to engage your subscribers and drive conversions.', 'Writing', 6);

INSERT INTO Services (price, delivery_time, service_title, service_desc, category, freelancer_id) VALUES 
(208.34, 18, 'Business Intelligence Dashboard', 'Create a fully functional BI dashboard to track your KPIs using tools like Tableau or Power BI.', 'Programming', 14);

INSERT INTO Services (price, delivery_time, service_title, service_desc, category, freelancer_id) VALUES 
(98.78, 19, 'Custom Compositions for Projects', 'Instrumental compositions tailored for your project — be it film, game, or personal media.', 'Music', 9);

INSERT INTO Services (price, delivery_time, service_title, service_desc, category, freelancer_id) VALUES 
(185.84, 6, 'Marketing Copy for Landing Pages', 'Compelling, benefit-driven landing page copy that guides users to take action and convert.', 'Marketing', 15);

INSERT INTO Services (price, delivery_time, service_title, service_desc, category, freelancer_id) VALUES 
(449.05, 11, 'Music for Documentaries & Ads', 'Atmospheric and emotional music compositions perfect for documentary films, trailers, or product videos.', 'Music', 4);

INSERT INTO Services (price, delivery_time, service_title, service_desc, category, freelancer_id) VALUES 
(283.11, 30, 'End-to-End Marketing Campaign', 'Complete execution of digital marketing campaigns across multiple platforms with performance tracking and reporting.', 'Marketing', 12);

INSERT INTO Services (price, delivery_time, service_title, service_desc, category, freelancer_id) VALUES 
(236.55, 26, 'Proofreading & Copy Editing', 'Polish your content with grammar corrections, clarity improvements, and consistent tone for professional results.', 'Writing', 9);

INSERT INTO Services (price, delivery_time, service_title, service_desc, category, freelancer_id) VALUES 
(88.88, 4, 'Podcast Intro & Outro Music', 'Original tracks tailored to your podcast’s vibe — clean, catchy, and license-free.', 'Music', 19);

INSERT INTO Services (price, delivery_time, service_title, service_desc, category, freelancer_id) VALUES 
(337.86, 27, 'PR Outreach & Email Campaigns', 'I’ll craft compelling email campaigns and reach out to media to generate buzz around your product or event.', 'Marketing', 1);

INSERT INTO Services (price, delivery_time, service_title, service_desc, category, freelancer_id) VALUES 
(280.6, 10, 'Marketing Analytics & Optimization', 'Set up tools to monitor marketing performance and adjust strategy for maximum ROI.', 'Marketing', 10);

INSERT INTO Services (price, delivery_time, service_title, service_desc, category, freelancer_id) VALUES 
(360.0, 23, 'Write Captivating Blog Series', 'Get a full series of well-structured and engaging blog posts around any topic or niche.', 'Writing', 6);

INSERT INTO Services (price, delivery_time, service_title, service_desc, category, freelancer_id) VALUES 
(55.09, 19, 'Minimalist Logo Design', 'Clean, modern logos designed for versatility and brand identity. Includes 3 concepts and 2 revisions.', 'Design', 18);

INSERT INTO Services (price, delivery_time, service_title, service_desc, category, freelancer_id) VALUES 
(25.66, 29, 'Academic Essay Writing', 'Well-researched and cited academic writing on a wide range of subjects, tailored to meet your guidelines.', 'Writing', 7);

INSERT INTO Services (price, delivery_time, service_title, service_desc, category, freelancer_id) VALUES 
(159.26, 16, 'Ambient Background Music', 'Soothing ambient tracks perfect for meditations, videos, or app background music. Custom composed.', 'Music', 20);

INSERT INTO Services (price, delivery_time, service_title, service_desc, category, freelancer_id) VALUES 
(30.0, 11, 'Product Description Copywriting', 'Compelling product descriptions that highlight benefits and drive sales. Includes formatting for eCommerce.', 'Marketing', 9);

INSERT INTO Services (price, delivery_time, service_title, service_desc, category, freelancer_id) VALUES 
(203.35, 22, 'Music Composition for Ads', 'Energetic and upbeat music ideal for commercials and branded video content.', 'Music', 19);

INSERT INTO Services (price, delivery_time, service_title, service_desc, category, freelancer_id) VALUES 
(142.87, 13, 'Custom Music for Trailers', 'Cinematic music with build-up and emotion to bring your trailer to life. Orchestral, electronic, or hybrid styles.', 'Music', 13);

INSERT INTO Media (media_url, media_type, service_id) VALUES ('https://dummyimage.com/945x930', 'video', 13);

INSERT INTO Media (media_url, media_type, service_id) VALUES ('https://www.lorempixel.com/773/942', 'image', 22);

INSERT INTO Media (media_url, media_type, service_id) VALUES ('https://dummyimage.com/227x666', 'video', 30);

INSERT INTO Media (media_url, media_type, service_id) VALUES ('https://dummyimage.com/621x588', 'video', 4);

INSERT INTO Media (media_url, media_type, service_id) VALUES ('https://www.lorempixel.com/497/974', 'image', 18);

INSERT INTO Media (media_url, media_type, service_id) VALUES ('https://dummyimage.com/36x613', 'image', 20);

INSERT INTO Media (media_url, media_type, service_id) VALUES ('https://www.lorempixel.com/24/45', 'image', 4);

INSERT INTO Media (media_url, media_type, service_id) VALUES ('https://placeimg.com/862/478/any', 'image', 5);

INSERT INTO Media (media_url, media_type, service_id) VALUES ('https://placeimg.com/464/111/any', 'image', 6);

INSERT INTO Media (media_url, media_type, service_id) VALUES ('https://www.lorempixel.com/860/669', 'image', 15);

INSERT INTO Media (media_url, media_type, service_id) VALUES ('https://placekitten.com/546/606', 'image', 26);

INSERT INTO Media (media_url, media_type, service_id) VALUES ('https://www.lorempixel.com/736/514', 'video', 6);

INSERT INTO Media (media_url, media_type, service_id) VALUES ('https://placeimg.com/778/953/any', 'video', 24);

INSERT INTO Media (media_url, media_type, service_id) VALUES ('https://placekitten.com/600/376', 'image', 17);

INSERT INTO Media (media_url, media_type, service_id) VALUES ('https://placekitten.com/371/621', 'image', 21);

INSERT INTO Media (media_url, media_type, service_id) VALUES ('https://placekitten.com/779/392', 'image', 14);

INSERT INTO Media (media_url, media_type, service_id) VALUES ('https://dummyimage.com/1013x156', 'image', 12);

INSERT INTO Media (media_url, media_type, service_id) VALUES ('https://dummyimage.com/64x116', 'image', 26);

INSERT INTO Media (media_url, media_type, service_id) VALUES ('https://placekitten.com/485/690', 'image', 9);

INSERT INTO Media (media_url, media_type, service_id) VALUES ('https://www.lorempixel.com/485/528', 'video', 25);

INSERT INTO Media (media_url, media_type, service_id) VALUES ('https://placeimg.com/854/928/any', 'image', 12);

INSERT INTO Media (media_url, media_type, service_id) VALUES ('https://placekitten.com/1011/558', 'image', 28);

INSERT INTO Media (media_url, media_type, service_id) VALUES ('https://placekitten.com/88/269', 'image', 28);

INSERT INTO Media (media_url, media_type, service_id) VALUES ('https://dummyimage.com/522x551', 'image', 20);

INSERT INTO Media (media_url, media_type, service_id) VALUES ('https://placeimg.com/773/752/any', 'video', 7);

INSERT INTO Media (media_url, media_type, service_id) VALUES ('https://dummyimage.com/184x552', 'video', 30);

INSERT INTO Media (media_url, media_type, service_id) VALUES ('https://www.lorempixel.com/517/981', 'image', 5);

INSERT INTO Media (media_url, media_type, service_id) VALUES ('https://placekitten.com/1003/659', 'video', 14);

INSERT INTO Media (media_url, media_type, service_id) VALUES ('https://placekitten.com/527/781', 'image', 11);

INSERT INTO Media (media_url, media_type, service_id) VALUES ('https://dummyimage.com/75x942', 'video', 12);

INSERT INTO Media (media_url, media_type, service_id) VALUES ('https://placekitten.com/994/594', 'video', 23);

INSERT INTO Media (media_url, media_type, service_id) VALUES ('https://www.lorempixel.com/84/46', 'video', 26);

INSERT INTO Media (media_url, media_type, service_id) VALUES ('https://placekitten.com/98/264', 'video', 3);

INSERT INTO Media (media_url, media_type, service_id) VALUES ('https://www.lorempixel.com/479/978', 'image', 18);

INSERT INTO Media (media_url, media_type, service_id) VALUES ('https://www.lorempixel.com/816/503', 'image', 28);

INSERT INTO Media (media_url, media_type, service_id) VALUES ('https://www.lorempixel.com/890/386', 'video', 18);

INSERT INTO Media (media_url, media_type, service_id) VALUES ('https://dummyimage.com/654x206', 'image', 27);

INSERT INTO Media (media_url, media_type, service_id) VALUES ('https://placeimg.com/712/898/any', 'video', 9);

INSERT INTO Media (media_url, media_type, service_id) VALUES ('https://placeimg.com/320/13/any', 'video', 25);

INSERT INTO Media (media_url, media_type, service_id) VALUES ('https://dummyimage.com/136x384', 'video', 7);

INSERT INTO Media (media_url, media_type, service_id) VALUES ('https://placeimg.com/623/1017/any', 'video', 27);

INSERT INTO Media (media_url, media_type, service_id) VALUES ('https://placeimg.com/563/90/any', 'image', 11);

INSERT INTO Media (media_url, media_type, service_id) VALUES ('https://www.lorempixel.com/867/707', 'image', 14);

INSERT INTO Media (media_url, media_type, service_id) VALUES ('https://dummyimage.com/287x232', 'image', 20);

INSERT INTO Media (media_url, media_type, service_id) VALUES ('https://www.lorempixel.com/964/478', 'video', 10);

INSERT INTO Media (media_url, media_type, service_id) VALUES ('https://dummyimage.com/440x275', 'image', 4);

INSERT INTO Media (media_url, media_type, service_id) VALUES ('https://placeimg.com/933/646/any', 'video', 23);

INSERT INTO Media (media_url, media_type, service_id) VALUES ('https://dummyimage.com/1011x892', 'image', 23);

INSERT INTO Media (media_url, media_type, service_id) VALUES ('https://placeimg.com/893/116/any', 'image', 16);

INSERT INTO Media (media_url, media_type, service_id) VALUES ('https://placekitten.com/78/936', 'video', 9);

INSERT INTO Reviews (rating, review_title, review_text, client_id, service_id) VALUES 
(4, 'Great Quality and Timely Delivery', 'The service was spot on and delivered right when I needed it. Professional and efficient — would definitely recommend.', 3, 25);

INSERT INTO Reviews (rating, review_title, review_text, client_id, service_id) VALUES 
(1, 'Very Disappointed', 'Unfortunately, the results didn’t match what was promised. Communication was unclear and delays were frequent.', 19, 7);

INSERT INTO Reviews (rating, review_title, review_text, client_id, service_id) VALUES 
(2, 'Not What I Expected', 'The overall output was rushed and lacked structure. Might be okay for a basic need, but not for detailed work.', 16, 22);

INSERT INTO Reviews (rating, review_title, review_text, client_id, service_id) VALUES 
(5, 'Outstanding Work!', 'Exceeded expectations. The freelancer was very responsive and delivered high-quality results ahead of schedule.', 16, 1);

INSERT INTO Reviews (rating, review_title, review_text, client_id, service_id) VALUES 
(4, 'Solid Service', 'A few tweaks were needed, but overall it was good value. I appreciated the professional attitude and prompt revisions.', 12, 21);

INSERT INTO Reviews (rating, review_title, review_text, client_id, service_id) VALUES 
(1, 'Unprofessional and Late', 'Communication was poor, and the work didn’t meet the brief at all. Unfortunately, I wouldn’t recommend.', 8, 22);

INSERT INTO Reviews (rating, review_title, review_text, client_id, service_id) VALUES 
(5, 'Highly Recommended', 'Great attention to detail, very responsive, and delivered exactly what I was looking for. Will hire again!', 10, 14);

INSERT INTO Reviews (rating, review_title, review_text, client_id, service_id) VALUES 
(1, 'Low Quality Work', 'The content was generic and lacked creativity. Deadlines weren’t respected and support was limited.', 1, 3);

INSERT INTO Reviews (rating, review_title, review_text, client_id, service_id) VALUES 
(4, 'Nice Collaboration', 'The freelancer was helpful and understood the goal. We had a few iterations but ended up with a great result.', 13, 15);

INSERT INTO Reviews (rating, review_title, review_text, client_id, service_id) VALUES 
(2, 'Needs Improvement', 'The work needed major revisions and didn’t feel polished. Might be suitable for simpler projects.', 13, 23);

INSERT INTO Reviews (rating, review_title, review_text, client_id, service_id) VALUES 
(5, 'Brilliant Copywriting', 'Exactly what I needed. The tone and messaging were perfect. Delivered early and with great formatting.', 8, 8);

INSERT INTO Reviews (rating, review_title, review_text, client_id, service_id) VALUES 
(4, 'Very Useful Results', 'Great insights and well-presented data. There were some delays, but the quality made up for it.', 19, 28);

INSERT INTO Reviews (rating, review_title, review_text, client_id, service_id) VALUES 
(3, 'Met Expectations', 'It was okay. Not outstanding but not bad either. Delivered the core requirements on time.', 10, 2);

INSERT INTO Reviews (rating, review_title, review_text, client_id, service_id) VALUES 
(1, 'Poorly Written Content', 'There were grammar issues and the style didn’t match my brand. Didn’t feel like it was reviewed at all.', 13, 9);

INSERT INTO Reviews (rating, review_title, review_text, client_id, service_id) VALUES 
(3, 'Mixed Feelings', 'Started off well, but the quality dropped midway. Not bad, but could definitely be improved.', 10, 7);

INSERT INTO Reviews (rating, review_title, review_text, client_id, service_id) VALUES 
(3, 'Average Delivery', 'Some parts were great, others felt rushed. Might work better with clearer instructions.', 8, 10);

INSERT INTO Reviews (rating, review_title, review_text, client_id, service_id) VALUES 
(4, 'Clean Design and Easy Process', 'Loved the visual structure and layout. Easy to communicate with, and turnaround was fast.', 2, 30);

INSERT INTO Reviews (rating, review_title, review_text, client_id, service_id) VALUES 
(5, 'Perfect Execution', 'Exactly what I envisioned. The detail and clarity in the writing were top-notch.', 3, 11);

INSERT INTO Reviews (rating, review_title, review_text, client_id, service_id) VALUES 
(2, 'Didn’t Fit My Needs', 'The concept was there, but it lacked polish and originality. Might be useful for more basic tasks.', 6, 13);

INSERT INTO Reviews (rating, review_title, review_text, client_id, service_id) VALUES 
(3, 'Decent Effort', 'The work was okay, but it didn’t stand out. The presentation was average and could’ve used more creativity.', 13, 15);

INSERT INTO Reviews (rating, review_title, review_text, client_id, service_id) VALUES 
(1, 'Poor Communication', 'Took too long to respond and missed the deadline. Would not recommend unless you’re flexible.', 10, 12);

INSERT INTO Reviews (rating, review_title, review_text, client_id, service_id) VALUES 
(5, 'Amazing Results', 'Great eye for detail and clear understanding of the project. I’ll definitely work with them again.', 19, 19);

INSERT INTO Reviews (rating, review_title, review_text, client_id, service_id) VALUES 
(1, 'Not Worth the Price', 'Very generic content and didn’t follow the brief. I ended up rewriting most of it.', 13, 28);

INSERT INTO Reviews (rating, review_title, review_text, client_id, service_id) VALUES 
(2, 'Missed the Mark', 'Tried to match the style but fell short. Needs stronger writing skills and more attention to formatting.', 2, 3);

INSERT INTO Reviews (rating, review_title, review_text, client_id, service_id) VALUES 
(4, 'Great Concept and Delivery', 'Creative and sharp. The content was structured well, and the tone was spot on for the brand.', 11, 21);

INSERT INTO Reviews (rating, review_title, review_text, client_id, service_id) VALUES 
(3, 'Satisfactory Experience', 'Got the job done, but communication could have been better. Some delays but overall solid.', 5, 18);

INSERT INTO Reviews (rating, review_title, review_text, client_id, service_id) VALUES 
(2, 'Average Execution', 'The idea was promising but not fully realized. Formatting and tone need work.', 8, 18);

INSERT INTO Reviews (rating, review_title, review_text, client_id, service_id) VALUES 
(2, 'Could Be Better', 'Some effort shown, but it missed the energy I was looking for. Might work for smaller gigs.', 7, 28);

INSERT INTO Reviews (rating, review_title, review_text, client_id, service_id) VALUES 
(1, 'Unusable Result', 'Nothing from the delivery could be salvaged. Felt automated and unedited.', 9, 23);

INSERT INTO Reviews (rating, review_title, review_text, client_id, service_id) VALUES 
(4, 'Good Vibes Only', 'Friendly freelancer, responsive, and willing to iterate. The result was polished and usable.', 10, 16);

INSERT INTO Reviews (rating, review_title, review_text, client_id, service_id) VALUES 
(5, 'Really Impressed', 'Work was done quickly and creatively. The freelancer was receptive to suggestions.', 16, 5);

INSERT INTO Reviews (rating, review_title, review_text, client_id, service_id) VALUES 
(3, 'Decent Overall', 'Fairly good job — not outstanding, but covered the basics. Could be stronger in tone and structure.', 7, 17);

INSERT INTO Reviews (rating, review_title, review_text, client_id, service_id) VALUES 
(5, 'Superb Copy and Flow', 'The structure was excellent, and it felt like the freelancer really understood the product. Clean and catchy.', 11, 2);

INSERT INTO Reviews (rating, review_title, review_text, client_id, service_id) VALUES 
(5, 'Consistently Excellent', 'This is my second time working with them. Same excellent results. Always professional.', 3, 5);

INSERT INTO Reviews (rating, review_title, review_text, client_id, service_id) VALUES 
(1, 'Worst Experience Yet', 'Didn’t follow instructions. Ignored feedback. Delivered a generic file with no relation to the brief.', 18, 29);

INSERT INTO Reviews (rating, review_title, review_text, client_id, service_id) VALUES 
(1, 'Complete Mess', 'Confusing layout, repetitive content, and multiple grammar errors. I had to redo it from scratch.', 15, 6);

INSERT INTO Reviews (rating, review_title, review_text, client_id, service_id) VALUES 
(5, 'Professional and Fast', 'Delivered well within the deadline. Work was neat, organized, and exceeded expectations.', 8, 3);

INSERT INTO Reviews (rating, review_title, review_text, client_id, service_id) VALUES 
(2, 'Could Use Editing', 'Some solid ideas but poorly structured. There were typos and formatting issues.', 4, 12);

INSERT INTO Reviews (rating, review_title, review_text, client_id, service_id) VALUES 
(4, 'Good Job', 'Clean and structured. I liked the tone and logical flow. No major complaints.', 2, 29);

INSERT INTO Reviews (rating, review_title, review_text, client_id, service_id) VALUES 
(1, 'Poorly Executed', 'Not creative and didn’t meet the brief. Felt like filler content pulled together last minute.', 18, 7);

INSERT INTO Orders (status, client_id, service_id) VALUES ('accepted', 5, 15);

INSERT INTO Orders (status, client_id, service_id) VALUES ('rejected', 14, 19);

INSERT INTO Orders (status, client_id, service_id) VALUES ('completed', 16, 9);

INSERT INTO Orders (status, client_id, service_id) VALUES ('pending', 4, 17);

INSERT INTO Orders (status, client_id, service_id) VALUES ('pending', 2, 22);

INSERT INTO Orders (status, client_id, service_id) VALUES ('pending', 11, 27);

INSERT INTO Orders (status, client_id, service_id) VALUES ('completed', 11, 18);

INSERT INTO Orders (status, client_id, service_id) VALUES ('accepted', 2, 28);

INSERT INTO Orders (status, client_id, service_id) VALUES ('pending', 2, 15);

INSERT INTO Orders (status, client_id, service_id) VALUES ('completed', 9, 13);

INSERT INTO Orders (status, client_id, service_id) VALUES ('accepted', 12, 10);

INSERT INTO Orders (status, client_id, service_id) VALUES ('accepted', 19, 14);

INSERT INTO Orders (status, client_id, service_id) VALUES ('completed', 17, 1);

INSERT INTO Orders (status, client_id, service_id) VALUES ('completed', 3, 20);

INSERT INTO Orders (status, client_id, service_id) VALUES ('accepted', 17, 17);

INSERT INTO Orders (status, client_id, service_id) VALUES ('accepted', 9, 3);

INSERT INTO Orders (status, client_id, service_id) VALUES ('completed', 1, 13);

INSERT INTO Orders (status, client_id, service_id) VALUES ('rejected', 5, 24);

INSERT INTO Orders (status, client_id, service_id) VALUES ('pending', 2, 23);

INSERT INTO Orders (status, client_id, service_id) VALUES ('accepted', 17, 23);

INSERT INTO Orders (status, client_id, service_id) VALUES ('rejected', 20, 25);

INSERT INTO Orders (status, client_id, service_id) VALUES ('accepted', 7, 12);

INSERT INTO Orders (status, client_id, service_id) VALUES ('pending', 20, 15);

INSERT INTO Orders (status, client_id, service_id) VALUES ('rejected', 6, 29);

INSERT INTO Orders (status, client_id, service_id) VALUES ('completed', 11, 18);

INSERT INTO Orders (status, client_id, service_id) VALUES ('completed', 12, 9);

INSERT INTO Orders (status, client_id, service_id) VALUES ('accepted', 2, 4);

INSERT INTO Orders (status, client_id, service_id) VALUES ('rejected', 10, 6);

INSERT INTO Orders (status, client_id, service_id) VALUES ('accepted', 10, 11);

INSERT INTO Orders (status, client_id, service_id) VALUES ('completed', 17, 23);

INSERT INTO Orders (status, client_id, service_id) VALUES ('accepted', 1, 19);

INSERT INTO Orders (status, client_id, service_id) VALUES ('rejected', 1, 6);

INSERT INTO Orders (status, client_id, service_id) VALUES ('pending', 13, 3);

INSERT INTO Orders (status, client_id, service_id) VALUES ('completed', 16, 2);

INSERT INTO Orders (status, client_id, service_id) VALUES ('pending', 12, 10);

INSERT INTO Orders (status, client_id, service_id) VALUES ('rejected', 9, 5);

INSERT INTO Orders (status, client_id, service_id) VALUES ('rejected', 8, 3);

INSERT INTO Orders (status, client_id, service_id) VALUES ('pending', 14, 27);

INSERT INTO Orders (status, client_id, service_id) VALUES ('rejected', 4, 14);

INSERT INTO Orders (status, client_id, service_id) VALUES ('rejected', 6, 25);

INSERT INTO CustomOrders (custom_title, custom_desc, custom_price, custom_delivery_time, status, client_id, service_id) 
VALUES ('Revamp Homepage Layout', 'We need a modern and clean homepage redesign. The layout should emphasize the brand''s colors and improve user navigation across sections.', 976.81, 18, 'rejected', 10, 28);

INSERT INTO CustomOrders (custom_title, custom_desc, custom_price, custom_delivery_time, status, client_id, service_id) 
VALUES ('Logo and Branding Pack', 'Design a logo along with branding elements like a color palette and typography. Should reflect a fun but professional tone.', 141.97, 31, 'completed', 13, 29);

INSERT INTO CustomOrders (custom_title, custom_desc, custom_price, custom_delivery_time, status, client_id, service_id) 
VALUES ('Product Animation Demo', 'Create a short 30-second animated video to showcase our new product''s features. Needs to be engaging and mobile-optimized.', 565.97, 54, 'rejected', 2, 9);

INSERT INTO CustomOrders (custom_title, custom_desc, custom_price, custom_delivery_time, status, client_id, service_id) 
VALUES ('Social Media Ads Set', 'Design 3–4 eye-catching visuals for our next Instagram and Facebook campaigns. Emphasis on color and simplicity.', 964.67, 1, 'completed', 20, 12);

INSERT INTO CustomOrders (custom_title, custom_desc, custom_price, custom_delivery_time, status, client_id, service_id) 
VALUES ('Full Website Redesign Proposal', 'Present wireframes and mockups for a complete website overhaul. Prioritize user engagement and load speed improvements.', 856.25, 38, 'pending', 2, 24);

INSERT INTO CustomOrders (custom_title, custom_desc, custom_price, custom_delivery_time, status, client_id, service_id) 
VALUES ('Press Release Drafting', 'Write a press release about our upcoming launch event. Tone should be formal but inviting, including a quote from the CEO.', 344.62, 39, 'accepted', 13, 22);

INSERT INTO CustomOrders (custom_title, custom_desc, custom_price, custom_delivery_time, status, client_id, service_id) 
VALUES ('UI Fixes and Mobile Responsiveness', 'Audit the site''s UI on mobile devices and fix layout breakages or overlaps. Must be responsive across screen sizes.', 546.33, 4, 'rejected', 14, 30);

INSERT INTO CustomOrders (custom_title, custom_desc, custom_price, custom_delivery_time, status, client_id, service_id) 
VALUES ('Content Audit and Optimization', 'Review current blog articles and suggest edits for SEO optimization. Focus on meta tags, keyword density, and structure.', 941.36, 40, 'pending', 1, 1);

INSERT INTO CustomOrders (custom_title, custom_desc, custom_price, custom_delivery_time, status, client_id, service_id) 
VALUES ('Custom Vector Illustration', 'Design a large-scale vector graphic representing our team''s workflow. Should be compatible with our slide deck aesthetics.', 365.20, 59, 'completed', 10, 20);

INSERT INTO CustomOrders (custom_title, custom_desc, custom_price, custom_delivery_time, status, client_id, service_id) 
VALUES ('Pitch Deck Rewrite', 'Improve our pitch deck copy to better communicate value. Emphasis on tone, consistency, and data visualization clarity.', 810.43, 17, 'rejected', 3, 5);

INSERT INTO CustomOrders (custom_title, custom_desc, custom_price, custom_delivery_time, status, client_id, service_id) 
VALUES ('Landing Page Rewrite', 'Rewrite content on our landing page to improve lead conversion. Needs to sound more actionable and tailored to tech startups.', 644.36, 41, 'pending', 11, 2);

INSERT INTO CustomOrders (custom_title, custom_desc, custom_price, custom_delivery_time, status, client_id, service_id) 
VALUES ('Investor One-Pager', 'Design a single-page summary document for potential investors. Include key numbers, value prop, and a simple product visual.', 133.50, 39, 'accepted', 3, 29);

INSERT INTO CustomOrders (custom_title, custom_desc, custom_price, custom_delivery_time, status, client_id, service_id) 
VALUES ('Promo Video Scriptwriting', 'Write a 60-second promotional script introducing our new mobile app. Keep it concise and benefit-oriented.', 439.98, 5, 'completed', 3, 30);

INSERT INTO CustomOrders (custom_title, custom_desc, custom_price, custom_delivery_time, status, client_id, service_id) 
VALUES ('App Onboarding Copy', 'Draft onboarding copy for new users. Should be friendly, motivating, and help users understand core features in 3 steps.', 285.99, 55, 'completed', 3, 6);

INSERT INTO CustomOrders (custom_title, custom_desc, custom_price, custom_delivery_time, status, client_id, service_id) 
VALUES ('Team Bios for Website', 'Write 6 team member bios to include on the About page. Each should be ~60 words, conversational, and highlight unique strengths.', 399.06, 27, 'rejected', 8, 25);

INSERT INTO CustomOrders (custom_title, custom_desc, custom_price, custom_delivery_time, status, client_id, service_id) 
VALUES ('SaaS Product Guidebook', 'Create a written guide explaining all core features of our SaaS dashboard, with screenshots and FAQ sections.', 381.03, 53, 'rejected', 13, 14);

INSERT INTO CustomOrders (custom_title, custom_desc, custom_price, custom_delivery_time, status, client_id, service_id) 
VALUES ('Email Campaign Templates', 'Design and write 3 email templates: Welcome, Abandoned Cart, and Thank You. Should follow our visual and voice tone.', 656.92, 3, 'accepted', 1, 27);

INSERT INTO CustomOrders (custom_title, custom_desc, custom_price, custom_delivery_time, status, client_id, service_id) 
VALUES ('Explainer Infographic', 'Design a clean infographic that explains our payment process in 5 steps. Include custom icons and visual flow.', 104.20, 5, 'rejected', 10, 3);

INSERT INTO CustomOrders (custom_title, custom_desc, custom_price, custom_delivery_time, status, client_id, service_id) 
VALUES ('Privacy Policy Drafting', 'Write a GDPR-compliant privacy policy for our web application. Include data handling, cookies, and user rights.', 100.27, 35, 'accepted', 5, 4);

INSERT INTO CustomOrders (custom_title, custom_desc, custom_price, custom_delivery_time, status, client_id, service_id) 
VALUES ('Customer Journey Map', 'Visualize our average customer journey from discovery to post-sale support. Focus on pain points and engagement suggestions.', 125.68, 22, 'completed', 3, 15);

INSERT INTO Messages (message_title, message_text, client_id, service_id) VALUES ('Request for Revision', 'Hi, could you please make some edits to the first paragraph? It feels a bit too formal.', 16, 2);

INSERT INTO Messages (message_title, message_text, client_id, service_id) VALUES ('Quick Feedback', 'Just checked the mockup — overall looks good, but the colors might need adjusting.', 17, 12);

INSERT INTO Messages (message_title, message_text, client_id, service_id) VALUES ('About Section Clarification', 'For the About Us page, can you reduce the length a little? It feels too wordy.', 15, 9);

INSERT INTO Messages (message_title, message_text, client_id, service_id) VALUES ('Voiceover Notes', 'The voiceover script is solid, but the tone sounds too aggressive in parts 2 and 3.', 7, 25);

INSERT INTO Messages (message_title, message_text, client_id, service_id) VALUES ('ETA on Final Draft?', 'Just checking in to ask when I can expect the final version. We’re on a tight schedule.', 19, 30);

INSERT INTO Messages (message_title, message_text, client_id, service_id) VALUES ('Design Feedback', 'Nice start! I’d suggest changing the font for the headings — looks a bit too playful.', 10, 4);

INSERT INTO Messages (message_title, message_text, client_id, service_id) VALUES ('Clarify Image Usage', 'Is the main banner image royalty-free? Just want to confirm for licensing.', 20, 25);

INSERT INTO Messages (message_title, message_text, client_id, service_id) VALUES ('Follow-up on Edits', 'Thanks for the update. Can we also align the icons better on mobile?', 12, 3);

INSERT INTO Messages (message_title, message_text, client_id, service_id) VALUES ('Pricing Adjustment', 'I noticed a mismatch between the quoted price and the invoice. Can we fix that?', 15, 25);

INSERT INTO Messages (message_title, message_text, client_id, service_id) VALUES ('Need Final Files', 'Can you please upload the final PNG and source PSD files?', 10, 12);

INSERT INTO Messages (message_title, message_text, client_id, service_id) VALUES ('Progress Update?', 'Hi! Just wondering how the project is going. No rush, just checking in.', 12, 27);

INSERT INTO Messages (message_title, message_text, client_id, service_id) VALUES ('Re: App Design', 'Great layout so far. Could we explore a dark mode version as well?', 1, 22);

INSERT INTO Messages (message_title, message_text, client_id, service_id) VALUES ('Logo Adjustment Request', 'Can we make the logo a bit smaller on mobile? It takes too much space.', 16, 8);

INSERT INTO Messages (message_title, message_text, client_id, service_id) VALUES ('Suggestions for Text Edits', 'The intro paragraph is solid, but a bit heavy on jargon. Maybe simplify it?', 20, 20);

INSERT INTO Messages (message_title, message_text, client_id, service_id) VALUES ('File Format Needed', 'Could you send over the final logo in SVG too? I need it for scaling.', 20, 30);

INSERT INTO Messages (message_title, message_text, client_id, service_id) VALUES ('Page Speed Concerns', 'Site looks good, but the home page is loading a bit slowly. Any ideas?', 19, 17);

INSERT INTO Messages (message_title, message_text, client_id, service_id) VALUES ('Service Inquiry', 'Is it possible to add a contact form to the footer section?', 3, 13);

INSERT INTO Messages (message_title, message_text, client_id, service_id) VALUES ('Image Licensing Question', 'I’m not sure about the source of the hero image — was it stock or custom?', 3, 23);

INSERT INTO Messages (message_title, message_text, client_id, service_id) VALUES ('Sitemap Confirmation', 'Let me know if we’re sticking with the 5-page structure or expanding.', 20, 21);

INSERT INTO Messages (message_title, message_text, client_id, service_id) VALUES ('Bug Found on Contact Page', 'Contact form isn’t submitting. I get a 403 error. Can you look into it?', 12, 13);

INSERT INTO Messages (message_title, message_text, client_id, service_id) VALUES ('Client Logo Missing', 'One of the logos is missing on the partner section. Can we re-add it?', 20, 23);

INSERT INTO Messages (message_title, message_text, client_id, service_id) VALUES ('Need Social Media Icons', 'Can we include Instagram and LinkedIn on the footer?', 19, 6);

INSERT INTO Messages (message_title, message_text, client_id, service_id) VALUES ('Content Placement Confusion', 'Not sure if the blog section should go before or after testimonials.', 20, 16);

INSERT INTO Messages (message_title, message_text, client_id, service_id) VALUES ('Image Compression Request', 'Some of the images are large — can we compress for faster load?', 5, 10);

INSERT INTO Messages (message_title, message_text, client_id, service_id) VALUES ('Can We Adjust Fonts?', 'The body text is a bit hard to read on small screens. Any alternatives?', 17, 15);

INSERT INTO Messages (message_title, message_text, client_id, service_id) VALUES ('Re: PDF Format Needed', 'Could I get the brochure in both PDF and DOCX? Client needs to edit.', 2, 2);

INSERT INTO Messages (message_title, message_text, client_id, service_id) VALUES ('Color Palette Suggestion', 'Would you be open to trying a more vibrant palette? Feels too muted.', 2, 9);

INSERT INTO Messages (message_title, message_text, client_id, service_id) VALUES ('Newsletter Signup Form', 'Let’s add a form to the bottom of every blog post — simple and clean.', 17, 2);

INSERT INTO Messages (message_title, message_text, client_id, service_id) VALUES ('Video Placement Request', 'Could we put the intro video higher on the landing page?', 18, 24);

INSERT INTO Messages (message_title, message_text, client_id, service_id) VALUES ('Navigation Bug', 'Dropdown menu isn’t working on Safari. Works fine on Chrome.', 14, 20);
